{"cameraMode":{"drawMode":0,"name":"Shaded","section":"Shading Mode"},"sceneLighting":false,"audioPlay":false,"sceneViewState":{"showFog":true,"showMaterialUpdate":false,"showSkybox":false,"showFlares":true,"showImageEffects":true,"showParticleSystems":true},"in2DMode":false,"pivot":{"x":274.76275634765627,"y":166.55299377441407,"z":38.1875},"rotation":{"x":-0.22726017236709596,"y":-0.043805282562971118,"z":-0.010233711451292038,"w":0.9727945923805237},"size":835.6262817382813,"orthographic":true}