{"cameraMode":{"drawMode":0,"name":"Shaded","section":"Shading Mode"},"sceneLighting":false,"audioPlay":false,"sceneViewState":{"showFog":true,"showMaterialUpdate":false,"showSkybox":false,"showFlares":true,"showImageEffects":true,"showParticleSystems":true},"in2DMode":false,"pivot":{"x":-0.10307192802429199,"y":-0.19158053398132325,"z":0.6430798768997192},"rotation":{"x":0.3412168025970459,"y":-0.05775855854153633,"z":0.021010780707001687,"w":0.937973141670227},"size":3.5095911026000978,"orthographic":false}