{"cameraMode":{"drawMode":0,"name":"Shaded","section":"Shading Mode"},"sceneLighting":false,"audioPlay":false,"sceneViewState":{"showFog":false,"showMaterialUpdate":false,"showSkybox":false,"showFlares":false,"showImageEffects":false,"showParticleSystems":false},"in2DMode":false,"pivot":{"x":-7.4636616706848148,"y":0.5083808302879334,"z":7.285978317260742},"rotation":{"x":0.21148277819156648,"y":-0.7033134698867798,"z":0.23337823152542115,"w":0.637306809425354},"size":1.4073436260223389,"orthographic":false}