{"cameraMode":{"drawMode":0,"name":"Shaded","section":"Shading Mode"},"sceneLighting":false,"audioPlay":false,"sceneViewState":{"showFog":true,"showMaterialUpdate":false,"showSkybox":false,"showFlares":true,"showImageEffects":true,"showParticleSystems":true},"in2DMode":false,"pivot":{"x":0.7792131900787354,"y":-0.49109721183776858,"z":-0.05209535360336304},"rotation":{"x":0.3229060173034668,"y":0.11826031655073166,"z":-0.04070562496781349,"w":0.938130795955658},"size":5.298914909362793,"orthographic":false}