{"cameraMode":{"drawMode":0,"name":"Shaded","section":"Shading Mode"},"sceneLighting":true,"audioPlay":false,"sceneViewState":{"showFog":true,"showMaterialUpdate":false,"showSkybox":true,"showFlares":true,"showImageEffects":true,"showParticleSystems":true},"in2DMode":false,"pivot":{"x":-1.3040399551391602,"y":-0.7374372482299805,"z":1.2595820426940919},"rotation":{"x":-0.5329962372779846,"y":-0.06484827399253845,"z":0.04101528599858284,"w":-0.8426313400268555},"size":14.239998817443848,"orthographic":false}