{"cameraMode":{"drawMode":0,"name":"Shaded","section":"Shading Mode"},"sceneLighting":true,"audioPlay":false,"sceneViewState":{"showFog":true,"showMaterialUpdate":false,"showSkybox":true,"showFlares":true,"showImageEffects":true,"showParticleSystems":true},"in2DMode":false,"pivot":{"x":-5.837228298187256,"y":1.024993896484375,"z":-4.300845146179199},"rotation":{"x":0.4906677007675171,"y":-0.03500015661120415,"z":0.019735785201191903,"w":0.8704198598861694},"size":3.942577600479126,"orthographic":false}