{"cameraMode":{"drawMode":0,"name":"Shaded","section":"Shading Mode"},"sceneLighting":true,"audioPlay":false,"sceneViewState":{"showFog":true,"showMaterialUpdate":false,"showSkybox":true,"showFlares":true,"showImageEffects":true,"showParticleSystems":true},"in2DMode":false,"pivot":{"x":44.54443359375,"y":109.5859375,"z":-85.0830078125},"rotation":{"x":0.40095677971839907,"y":-0.2705303430557251,"z":0.12520340085029603,"w":0.8662397265434265},"size":23.42401885986328,"orthographic":true}