{"cameraMode":{"drawMode":0,"name":"Shaded","section":"Shading Mode"},"sceneLighting":true,"audioPlay":false,"sceneViewState":{"showFog":true,"showMaterialUpdate":false,"showSkybox":true,"showFlares":true,"showImageEffects":true,"showParticleSystems":true},"in2DMode":false,"pivot":{"x":-6.51708459854126,"y":-0.18648064136505128,"z":7.559593677520752},"rotation":{"x":0.3303832411766052,"y":-0.0633656457066536,"z":0.022221151739358903,"w":0.9414552450180054},"size":3.71842622756958,"orthographic":false}