{"cameraMode":{"drawMode":0,"name":"Shaded","section":"Shading Mode"},"sceneLighting":false,"audioPlay":false,"sceneViewState":{"showFog":true,"showMaterialUpdate":false,"showSkybox":false,"showFlares":true,"showImageEffects":true,"showParticleSystems":true},"in2DMode":false,"pivot":{"x":-7.260066509246826,"y":0.5066372156143189,"z":7.38029670715332},"rotation":{"x":-0.3499155640602112,"y":-0.24719926714897157,"z":0.09627626091241837,"w":-0.8984333872795105},"size":1.4864885807037354,"orthographic":false}