{"cameraMode":{"drawMode":0,"name":"Shaded","section":"Shading Mode"},"sceneLighting":false,"audioPlay":false,"sceneViewState":{"showFog":true,"showMaterialUpdate":false,"showSkybox":false,"showFlares":true,"showImageEffects":true,"showParticleSystems":true},"in2DMode":false,"pivot":{"x":-7.531952381134033,"y":2.9802322387695315e-8,"z":7.532440185546875},"rotation":{"x":0.004494687542319298,"y":0.04828096553683281,"z":-0.00023207045160233974,"w":0.9988237023353577},"size":2.1212098598480226,"orthographic":true}