{"cameraMode":{"drawMode":0,"name":"Shaded","section":"Shading Mode"},"sceneLighting":true,"audioPlay":false,"sceneViewState":{"showFog":true,"showMaterialUpdate":false,"showSkybox":true,"showFlares":true,"showImageEffects":true,"showParticleSystems":true},"in2DMode":false,"pivot":{"x":-7.817455291748047,"y":-2.98779296875,"z":4.3642578125},"rotation":{"x":-0.35086894035339358,"y":0.002809867961332202,"z":-0.0010523542296141387,"w":-0.9364197850227356},"size":4.515732288360596,"orthographic":true}