{"cameraMode":{"drawMode":0,"name":"Shaded","section":"Shading Mode"},"sceneLighting":true,"audioPlay":false,"sceneViewState":{"showFog":true,"showMaterialUpdate":false,"showSkybox":true,"showFlares":true,"showImageEffects":true,"showParticleSystems":true},"in2DMode":false,"pivot":{"x":-0.1119919940829277,"y":-0.4462890625,"z":-0.5582437515258789},"rotation":{"x":0.11582180112600327,"y":-0.07293690741062164,"z":0.008528276346623898,"w":0.990551769733429},"size":5.133009910583496,"orthographic":true}