{"cameraMode":{"drawMode":0,"name":"Shaded","section":"Shading Mode"},"sceneLighting":false,"audioPlay":false,"sceneViewState":{"showFog":true,"showMaterialUpdate":false,"showSkybox":false,"showFlares":true,"showImageEffects":true,"showParticleSystems":true},"in2DMode":false,"pivot":{"x":3.0439534187316896,"y":0.9502983093261719,"z":-0.11445370316505432},"rotation":{"x":0.29259973764419558,"y":-0.018365532159805299,"z":0.005598725751042366,"w":0.9560422897338867},"size":3.105246067047119,"orthographic":true}