{"cameraMode":{"drawMode":0,"name":"Shaded","section":"Shading Mode"},"sceneLighting":false,"audioPlay":false,"sceneViewState":{"showFog":true,"showMaterialUpdate":false,"showSkybox":false,"showFlares":true,"showImageEffects":true,"showParticleSystems":true},"in2DMode":false,"pivot":{"x":-0.012180089950561524,"y":0.34102916717529299,"z":0.004722177982330322},"rotation":{"x":-0.013284369371831417,"y":0.9775353074073792,"z":-0.20009009540081025,"w":-0.06490156799554825},"size":1.274744987487793,"orthographic":false}