{"cameraMode":{"drawMode":0,"name":"Shaded","section":"Shading Mode"},"sceneLighting":true,"audioPlay":false,"sceneViewState":{"showFog":true,"showMaterialUpdate":false,"showSkybox":true,"showFlares":true,"showImageEffects":true,"showParticleSystems":true},"in2DMode":false,"pivot":{"x":490.816650390625,"y":66.64213562011719,"z":0.0},"rotation":{"x":0.022800466045737268,"y":-0.026681380346417428,"z":0.0006138107273727655,"w":0.999383807182312},"size":269.19525146484377,"orthographic":false}